PROLIFIC_PID,test_order,human_response
665762fdab6df18f5032505b,2249,188.0
665762fdab6df18f5032505b,1334,129.0
665762fdab6df18f5032505b,2183,224.0
665762fdab6df18f5032505b,621,150.0
665762fdab6df18f5032505b,14,150.0
665762fdab6df18f5032505b,2872,188.0
665762fdab6df18f5032505b,283,150.0
665762fdab6df18f5032505b,394,190.0
665762fdab6df18f5032505b,2710,140.0
665762fdab6df18f5032505b,1133,200.0
665762fdab6df18f5032505b,2484,163.0
665762fdab6df18f5032505b,900,200.0
603d6ae665fbaacb5621ede2,703,474.0
603d6ae665fbaacb5621ede2,1630,426.0
603d6ae665fbaacb5621ede2,2515,585.0
603d6ae665fbaacb5621ede2,1010,498.0
603d6ae665fbaacb5621ede2,51,291.0
603d6ae665fbaacb5621ede2,109,310.0
603d6ae665fbaacb5621ede2,1978,261.0
603d6ae665fbaacb5621ede2,757,107.0
603d6ae665fbaacb5621ede2,2582,323.0
603d6ae665fbaacb5621ede2,1837,406.0
603d6ae665fbaacb5621ede2,57,268.0
603d6ae665fbaacb5621ede2,1608,307.0
60fd6618f9a377f54dcdf318,292,160.0
60fd6618f9a377f54dcdf318,1489,302.0
60fd6618f9a377f54dcdf318,1309,267.0
60fd6618f9a377f54dcdf318,2610,316.0
60fd6618f9a377f54dcdf318,108,123.0
60fd6618f9a377f54dcdf318,2044,250.0
60fd6618f9a377f54dcdf318,2588,173.0
60fd6618f9a377f54dcdf318,1588,381.0
60fd6618f9a377f54dcdf318,608,256.0
60fd6618f9a377f54dcdf318,1556,203.0
60fd6618f9a377f54dcdf318,2726,372.0
60fd6618f9a377f54dcdf318,2396,502.0
67e0a8458369d92d9789b0b4,276,149.0
67e0a8458369d92d9789b0b4,1484,174.0
67e0a8458369d92d9789b0b4,1010,227.0
67e0a8458369d92d9789b0b4,912,277.0
67e0a8458369d92d9789b0b4,2790,406.0
67e0a8458369d92d9789b0b4,1907,205.0
67e0a8458369d92d9789b0b4,2701,222.0
67e0a8458369d92d9789b0b4,1072,484.0
67e0a8458369d92d9789b0b4,2623,201.0
67e0a8458369d92d9789b0b4,2102,304.0
67e0a8458369d92d9789b0b4,496,570.0
67e0a8458369d92d9789b0b4,197,155.0
67ad581c7825ebbd7a5365e0,1298,200.0
67ad581c7825ebbd7a5365e0,1737,205.0
67ad581c7825ebbd7a5365e0,2152,202.0
67ad581c7825ebbd7a5365e0,1945,190.0
67ad581c7825ebbd7a5365e0,14,176.0
67ad581c7825ebbd7a5365e0,1033,285.0
67ad581c7825ebbd7a5365e0,1830,176.0
67ad581c7825ebbd7a5365e0,558,161.0
67ad581c7825ebbd7a5365e0,368,320.0
67ad581c7825ebbd7a5365e0,2009,201.0
67ad581c7825ebbd7a5365e0,2583,173.0
67ad581c7825ebbd7a5365e0,1457,310.0
570d22b35e5156000efd8bd5,2426,180.0
570d22b35e5156000efd8bd5,2170,104.0
570d22b35e5156000efd8bd5,1659,106.0
570d22b35e5156000efd8bd5,1570,145.0
570d22b35e5156000efd8bd5,1211,90.0
570d22b35e5156000efd8bd5,82,175.0
570d22b35e5156000efd8bd5,2681,85.0
570d22b35e5156000efd8bd5,172,80.0
570d22b35e5156000efd8bd5,73,209.0
570d22b35e5156000efd8bd5,1484,166.0
570d22b35e5156000efd8bd5,1133,304.0
570d22b35e5156000efd8bd5,608,83.0
672d4ccff9372d646bbd16ba,541,220.0
672d4ccff9372d646bbd16ba,1938,235.0
672d4ccff9372d646bbd16ba,2523,302.0
672d4ccff9372d646bbd16ba,2580,251.0
672d4ccff9372d646bbd16ba,2105,262.0
672d4ccff9372d646bbd16ba,269,199.0
672d4ccff9372d646bbd16ba,1612,275.0
672d4ccff9372d646bbd16ba,840,261.0
672d4ccff9372d646bbd16ba,606,245.0
672d4ccff9372d646bbd16ba,256,222.0
672d4ccff9372d646bbd16ba,2127,125.0
672d4ccff9372d646bbd16ba,2484,196.0
66562875b665d8e2b1b6fc66,228,131.0
66562875b665d8e2b1b6fc66,1385,152.0
66562875b665d8e2b1b6fc66,1809,192.0
66562875b665d8e2b1b6fc66,18,214.0
66562875b665d8e2b1b6fc66,1136,201.0
66562875b665d8e2b1b6fc66,112,182.0
66562875b665d8e2b1b6fc66,95,229.0
66562875b665d8e2b1b6fc66,103,246.0
66562875b665d8e2b1b6fc66,158,136.0
66562875b665d8e2b1b6fc66,2429,239.0
66562875b665d8e2b1b6fc66,283,127.0
66562875b665d8e2b1b6fc66,48,238.0
67e9df18f9a0dae8ec36feee,158,515.0
67e9df18f9a0dae8ec36feee,2119,640.0
67e9df18f9a0dae8ec36feee,232,246.0
67e9df18f9a0dae8ec36feee,1754,469.0
67e9df18f9a0dae8ec36feee,1381,225.0
67e9df18f9a0dae8ec36feee,1416,277.0
67e9df18f9a0dae8ec36feee,1563,326.0
67e9df18f9a0dae8ec36feee,1939,517.0
67e9df18f9a0dae8ec36feee,694,266.0
67e9df18f9a0dae8ec36feee,108,406.0
67e9df18f9a0dae8ec36feee,912,589.0
67e9df18f9a0dae8ec36feee,138,457.0
67b6b708da303cda0aecbdad,2161,755.0
67b6b708da303cda0aecbdad,1571,755.0
67b6b708da303cda0aecbdad,937,755.0
67b6b708da303cda0aecbdad,2461,755.0
67b6b708da303cda0aecbdad,2254,750.0
67b6b708da303cda0aecbdad,773,749.0
67b6b708da303cda0aecbdad,2180,755.0
67b6b708da303cda0aecbdad,903,749.0
67b6b708da303cda0aecbdad,1588,755.0
67b6b708da303cda0aecbdad,1071,755.0
67b6b708da303cda0aecbdad,1218,745.0
67b6b708da303cda0aecbdad,556,755.0
6007a7996fbeef04ce080f90,2628,135.0
6007a7996fbeef04ce080f90,2869,145.0
6007a7996fbeef04ce080f90,2565,105.0
6007a7996fbeef04ce080f90,1917,94.0
6007a7996fbeef04ce080f90,2717,134.0
6007a7996fbeef04ce080f90,2788,106.0
6007a7996fbeef04ce080f90,48,210.0
6007a7996fbeef04ce080f90,784,120.0
6007a7996fbeef04ce080f90,1180,139.0
6007a7996fbeef04ce080f90,433,248.0
6007a7996fbeef04ce080f90,1878,110.0
6007a7996fbeef04ce080f90,14,160.0
67f427df76b1cfe6b45e5903,2169,140.0
67f427df76b1cfe6b45e5903,256,147.0
67f427df76b1cfe6b45e5903,2027,162.0
67f427df76b1cfe6b45e5903,496,130.0
67f427df76b1cfe6b45e5903,1418,144.0
67f427df76b1cfe6b45e5903,758,144.0
67f427df76b1cfe6b45e5903,2588,161.0
67f427df76b1cfe6b45e5903,112,142.0
67f427df76b1cfe6b45e5903,2780,154.0
67f427df76b1cfe6b45e5903,440,179.0
67f427df76b1cfe6b45e5903,2523,148.0
67f427df76b1cfe6b45e5903,1614,137.0
6595938bf754e3013651e556,1172,226.0
6595938bf754e3013651e556,2275,280.0
6595938bf754e3013651e556,1585,201.0
6595938bf754e3013651e556,2054,172.0
6595938bf754e3013651e556,547,272.0
6595938bf754e3013651e556,2434,305.0
6595938bf754e3013651e556,1909,188.0
6595938bf754e3013651e556,481,214.0
6595938bf754e3013651e556,51,284.0
6595938bf754e3013651e556,1922,177.0
6595938bf754e3013651e556,2825,466.0
6595938bf754e3013651e556,1649,184.0
66f16d7bfd2a1c4581ddc3e7,1218,520.0
66f16d7bfd2a1c4581ddc3e7,2852,375.0
66f16d7bfd2a1c4581ddc3e7,2437,477.0
66f16d7bfd2a1c4581ddc3e7,2569,383.0
66f16d7bfd2a1c4581ddc3e7,1649,396.0
66f16d7bfd2a1c4581ddc3e7,1163,541.0
66f16d7bfd2a1c4581ddc3e7,1400,467.0
66f16d7bfd2a1c4581ddc3e7,5,380.0
66f16d7bfd2a1c4581ddc3e7,2693,339.0
66f16d7bfd2a1c4581ddc3e7,1190,473.0
66f16d7bfd2a1c4581ddc3e7,404,377.0
66f16d7bfd2a1c4581ddc3e7,773,503.0
67e7ec46da3dad9065250b9d,108,447.0
67e7ec46da3dad9065250b9d,2605,547.0
67e7ec46da3dad9065250b9d,2169,535.0
67e7ec46da3dad9065250b9d,281,598.0
67e7ec46da3dad9065250b9d,394,481.0
67e7ec46da3dad9065250b9d,1855,683.0
67e7ec46da3dad9065250b9d,1629,561.0
67e7ec46da3dad9065250b9d,1190,699.0
67e7ec46da3dad9065250b9d,1238,645.0
67e7ec46da3dad9065250b9d,2849,493.0
67e7ec46da3dad9065250b9d,127,416.0
67e7ec46da3dad9065250b9d,1211,661.0
678989bea77beeb59f622658,2484,99.0
678989bea77beeb59f622658,193,159.0
678989bea77beeb59f622658,679,109.0
678989bea77beeb59f622658,192,137.0
678989bea77beeb59f622658,95,159.0
678989bea77beeb59f622658,1720,175.0
678989bea77beeb59f622658,2855,162.0
678989bea77beeb59f622658,1697,199.0
678989bea77beeb59f622658,1726,188.0
678989bea77beeb59f622658,1418,90.0
678989bea77beeb59f622658,1232,145.0
678989bea77beeb59f622658,73,200.0
6630fcae418bde6a9e7c3b47,1959,199.0
6630fcae418bde6a9e7c3b47,319,350.0
6630fcae418bde6a9e7c3b47,394,299.0
6630fcae418bde6a9e7c3b47,1767,185.0
6630fcae418bde6a9e7c3b47,367,333.0
6630fcae418bde6a9e7c3b47,2132,160.0
6630fcae418bde6a9e7c3b47,2344,315.0
6630fcae418bde6a9e7c3b47,2305,200.0
6630fcae418bde6a9e7c3b47,2799,299.0
6630fcae418bde6a9e7c3b47,2556,101.0
6630fcae418bde6a9e7c3b47,258,260.0
6630fcae418bde6a9e7c3b47,2928,100.0
66e60d5679cda3a829bbee24,1172,224.0
66e60d5679cda3a829bbee24,2448,252.0
66e60d5679cda3a829bbee24,1197,237.0
66e60d5679cda3a829bbee24,1838,202.0
66e60d5679cda3a829bbee24,2431,352.0
66e60d5679cda3a829bbee24,726,268.0
66e60d5679cda3a829bbee24,1874,153.0
66e60d5679cda3a829bbee24,738,151.0
66e60d5679cda3a829bbee24,2154,300.0
66e60d5679cda3a829bbee24,2357,245.0
66e60d5679cda3a829bbee24,856,132.0
66e60d5679cda3a829bbee24,1457,334.0
65d78f7e6f840c06394718d6,2254,112.0
65d78f7e6f840c06394718d6,2717,154.0
65d78f7e6f840c06394718d6,2605,131.0
65d78f7e6f840c06394718d6,2890,139.0
65d78f7e6f840c06394718d6,29,148.0
65d78f7e6f840c06394718d6,2703,122.0
65d78f7e6f840c06394718d6,1021,175.0
65d78f7e6f840c06394718d6,614,94.0
65d78f7e6f840c06394718d6,1363,171.0
65d78f7e6f840c06394718d6,1292,144.0
65d78f7e6f840c06394718d6,2100,212.0
65d78f7e6f840c06394718d6,1521,145.0
613e157ccd6af6049001ce25,1353,193.0
613e157ccd6af6049001ce25,636,144.0
613e157ccd6af6049001ce25,1074,200.0
613e157ccd6af6049001ce25,1874,160.0
613e157ccd6af6049001ce25,2097,343.0
613e157ccd6af6049001ce25,1044,144.0
613e157ccd6af6049001ce25,307,164.0
613e157ccd6af6049001ce25,481,177.0
613e157ccd6af6049001ce25,528,188.0
613e157ccd6af6049001ce25,2485,156.0
613e157ccd6af6049001ce25,2641,180.0
613e157ccd6af6049001ce25,1560,199.0
6785b080ddedc2aec5644019,46,160.0
6785b080ddedc2aec5644019,1833,250.0
6785b080ddedc2aec5644019,2060,130.0
6785b080ddedc2aec5644019,2588,145.0
6785b080ddedc2aec5644019,1395,115.0
6785b080ddedc2aec5644019,2111,180.0
6785b080ddedc2aec5644019,331,120.0
6785b080ddedc2aec5644019,304,140.0
6785b080ddedc2aec5644019,910,275.0
6785b080ddedc2aec5644019,2027,185.0
6785b080ddedc2aec5644019,322,235.0
6785b080ddedc2aec5644019,1646,200.0
64d5067b6cbee9de481d773b,2166,240.0
64d5067b6cbee9de481d773b,680,200.0
64d5067b6cbee9de481d773b,1614,300.0
64d5067b6cbee9de481d773b,127,185.0
64d5067b6cbee9de481d773b,4,280.0
64d5067b6cbee9de481d773b,714,175.0
64d5067b6cbee9de481d773b,1819,160.0
64d5067b6cbee9de481d773b,2152,280.0
64d5067b6cbee9de481d773b,1653,220.0
64d5067b6cbee9de481d773b,319,325.0
64d5067b6cbee9de481d773b,935,250.0
64d5067b6cbee9de481d773b,1521,150.0
67e4e5e1a1ac540ea5b20f8f,2639,82.0
67e4e5e1a1ac540ea5b20f8f,1608,270.0
67e4e5e1a1ac540ea5b20f8f,1498,418.0
67e4e5e1a1ac540ea5b20f8f,550,535.0
67e4e5e1a1ac540ea5b20f8f,1403,200.0
67e4e5e1a1ac540ea5b20f8f,1160,304.0
67e4e5e1a1ac540ea5b20f8f,1560,229.0
67e4e5e1a1ac540ea5b20f8f,562,350.0
67e4e5e1a1ac540ea5b20f8f,288,263.0
67e4e5e1a1ac540ea5b20f8f,878,397.0
67e4e5e1a1ac540ea5b20f8f,109,305.0
67e4e5e1a1ac540ea5b20f8f,2100,486.0
5f2f8574ff256b37b1970220,2866,240.0
5f2f8574ff256b37b1970220,2017,260.0
5f2f8574ff256b37b1970220,2832,300.0
5f2f8574ff256b37b1970220,2097,442.0
5f2f8574ff256b37b1970220,2723,161.0
5f2f8574ff256b37b1970220,1991,192.0
5f2f8574ff256b37b1970220,1337,179.0
5f2f8574ff256b37b1970220,2919,164.0
5f2f8574ff256b37b1970220,1709,332.0
5f2f8574ff256b37b1970220,1071,331.0
5f2f8574ff256b37b1970220,51,325.0
5f2f8574ff256b37b1970220,1917,160.0
67001c01bcb0cabf8a7f01e7,2021,155.0
67001c01bcb0cabf8a7f01e7,4,190.0
67001c01bcb0cabf8a7f01e7,1865,280.0
67001c01bcb0cabf8a7f01e7,907,140.0
67001c01bcb0cabf8a7f01e7,443,325.0
67001c01bcb0cabf8a7f01e7,2473,175.0
67001c01bcb0cabf8a7f01e7,1467,220.0
67001c01bcb0cabf8a7f01e7,1662,185.0
67001c01bcb0cabf8a7f01e7,1684,135.0
67001c01bcb0cabf8a7f01e7,1001,200.0
67001c01bcb0cabf8a7f01e7,706,156.0
67001c01bcb0cabf8a7f01e7,2731,191.0
67e8fe605b99434cf4cf8bd1,11,224.0
67e8fe605b99434cf4cf8bd1,1145,296.0
67e8fe605b99434cf4cf8bd1,969,192.0
67e8fe605b99434cf4cf8bd1,1837,201.0
67e8fe605b99434cf4cf8bd1,1518,398.0
67e8fe605b99434cf4cf8bd1,1453,456.0
67e8fe605b99434cf4cf8bd1,2437,369.0
67e8fe605b99434cf4cf8bd1,1306,296.0
67e8fe605b99434cf4cf8bd1,2102,504.0
67e8fe605b99434cf4cf8bd1,935,406.0
67e8fe605b99434cf4cf8bd1,1700,581.0
67e8fe605b99434cf4cf8bd1,922,402.0
67cde3d2a3ea9f4a7a1e86d2,383,195.0
67cde3d2a3ea9f4a7a1e86d2,2719,185.0
67cde3d2a3ea9f4a7a1e86d2,1146,165.0
67cde3d2a3ea9f4a7a1e86d2,367,360.0
67cde3d2a3ea9f4a7a1e86d2,878,165.0
67cde3d2a3ea9f4a7a1e86d2,2120,110.0
67cde3d2a3ea9f4a7a1e86d2,1838,190.0
67cde3d2a3ea9f4a7a1e86d2,606,165.0
67cde3d2a3ea9f4a7a1e86d2,1356,66.0
67cde3d2a3ea9f4a7a1e86d2,935,160.0
67cde3d2a3ea9f4a7a1e86d2,1659,215.0
67cde3d2a3ea9f4a7a1e86d2,1337,175.0
67fe7d2e0475bdecd927476e,2136,161.0
67fe7d2e0475bdecd927476e,1832,150.0
67fe7d2e0475bdecd927476e,2212,236.0
67fe7d2e0475bdecd927476e,1514,87.0
67fe7d2e0475bdecd927476e,1809,161.0
67fe7d2e0475bdecd927476e,1563,311.0
67fe7d2e0475bdecd927476e,1590,309.0
67fe7d2e0475bdecd927476e,955,238.0
67fe7d2e0475bdecd927476e,433,239.0
67fe7d2e0475bdecd927476e,152,243.0
67fe7d2e0475bdecd927476e,1335,313.0
67fe7d2e0475bdecd927476e,1604,234.0
67c96f7b5cda53efa5f069b2,738,89.0
67c96f7b5cda53efa5f069b2,33,163.0
67c96f7b5cda53efa5f069b2,1021,213.0
67c96f7b5cda53efa5f069b2,2287,104.0
67c96f7b5cda53efa5f069b2,1521,73.0
67c96f7b5cda53efa5f069b2,536,162.0
67c96f7b5cda53efa5f069b2,985,133.0
67c96f7b5cda53efa5f069b2,2852,131.0
67c96f7b5cda53efa5f069b2,2569,163.0
67c96f7b5cda53efa5f069b2,813,205.0
67c96f7b5cda53efa5f069b2,1364,117.0
67c96f7b5cda53efa5f069b2,2724,133.0
66d5d931d3a66fa93bdfddb9,234,220.0
66d5d931d3a66fa93bdfddb9,1356,130.0
66d5d931d3a66fa93bdfddb9,1838,180.0
66d5d931d3a66fa93bdfddb9,2482,160.0
66d5d931d3a66fa93bdfddb9,1197,231.0
66d5d931d3a66fa93bdfddb9,1766,300.0
66d5d931d3a66fa93bdfddb9,1416,190.0
66d5d931d3a66fa93bdfddb9,1292,160.0
66d5d931d3a66fa93bdfddb9,1039,181.0
66d5d931d3a66fa93bdfddb9,536,131.0
66d5d931d3a66fa93bdfddb9,1789,230.0
66d5d931d3a66fa93bdfddb9,738,232.0
6365b39d456c37b91bf98540,1190,266.0
6365b39d456c37b91bf98540,944,150.0
6365b39d456c37b91bf98540,2888,201.0
6365b39d456c37b91bf98540,304,180.0
6365b39d456c37b91bf98540,2705,174.0
6365b39d456c37b91bf98540,1939,200.0
6365b39d456c37b91bf98540,1767,190.0
6365b39d456c37b91bf98540,429,225.0
6365b39d456c37b91bf98540,726,211.0
6365b39d456c37b91bf98540,1045,192.0
6365b39d456c37b91bf98540,2429,221.0
6365b39d456c37b91bf98540,209,217.0
67acda05ca320fb05492087e,2334,381.0
67acda05ca320fb05492087e,1431,164.0
67acda05ca320fb05492087e,2580,100.0
67acda05ca320fb05492087e,430,334.0
67acda05ca320fb05492087e,2515,166.0
67acda05ca320fb05492087e,251,187.0
67acda05ca320fb05492087e,1416,114.0
67acda05ca320fb05492087e,1501,66.0
67acda05ca320fb05492087e,307,60.0
67acda05ca320fb05492087e,2069,106.0
67acda05ca320fb05492087e,2044,92.0
67acda05ca320fb05492087e,2108,136.0
67e581649015152b23684ecb,491,380.0
67e581649015152b23684ecb,2170,542.0
67e581649015152b23684ecb,1454,579.0
67e581649015152b23684ecb,228,388.0
67e581649015152b23684ecb,1809,473.0
67e581649015152b23684ecb,283,321.0
67e581649015152b23684ecb,1449,514.0
67e581649015152b23684ecb,1444,503.0
67e581649015152b23684ecb,83,467.0
67e581649015152b23684ecb,1534,462.0
67e581649015152b23684ecb,2890,398.0
67e581649015152b23684ecb,302,466.0
662bb856399c82d529743838,1235,117.0
662bb856399c82d529743838,2249,128.0
662bb856399c82d529743838,2448,261.0
662bb856399c82d529743838,383,300.0
662bb856399c82d529743838,2214,302.0
662bb856399c82d529743838,624,281.0
662bb856399c82d529743838,1484,430.0
662bb856399c82d529743838,2154,282.0
662bb856399c82d529743838,2283,415.0
662bb856399c82d529743838,1809,329.0
662bb856399c82d529743838,1656,329.0
662bb856399c82d529743838,2132,431.0
67c111bb12926008b56bc878,562,130.0
67c111bb12926008b56bc878,1993,155.0
67c111bb12926008b56bc878,2515,300.0
67c111bb12926008b56bc878,1917,132.0
67c111bb12926008b56bc878,1148,351.0
67c111bb12926008b56bc878,2555,184.0
67c111bb12926008b56bc878,305,155.0
67c111bb12926008b56bc878,2485,116.0
67c111bb12926008b56bc878,1632,216.0
67c111bb12926008b56bc878,969,396.0
67c111bb12926008b56bc878,778,172.0
67c111bb12926008b56bc878,1754,286.0
68188b0808597c1ec6ebe427,221,13.0
68188b0808597c1ec6ebe427,103,17.0
68188b0808597c1ec6ebe427,544,20.0
68188b0808597c1ec6ebe427,2257,17.0
68188b0808597c1ec6ebe427,1855,188.0
68188b0808597c1ec6ebe427,1295,123.0
68188b0808597c1ec6ebe427,1239,96.0
68188b0808597c1ec6ebe427,1144,178.0
68188b0808597c1ec6ebe427,809,174.0
68188b0808597c1ec6ebe427,2018,87.0
68188b0808597c1ec6ebe427,481,180.0
68188b0808597c1ec6ebe427,2305,108.0
5edfbd316e98a72c5f5bdf16,980,114.0
5edfbd316e98a72c5f5bdf16,955,153.0
5edfbd316e98a72c5f5bdf16,639,105.0
5edfbd316e98a72c5f5bdf16,1674,188.0
5edfbd316e98a72c5f5bdf16,1335,180.0
5edfbd316e98a72c5f5bdf16,1218,160.0
5edfbd316e98a72c5f5bdf16,193,190.0
5edfbd316e98a72c5f5bdf16,1337,204.0
5edfbd316e98a72c5f5bdf16,2445,302.0
5edfbd316e98a72c5f5bdf16,2202,160.0
5edfbd316e98a72c5f5bdf16,2803,109.0
5edfbd316e98a72c5f5bdf16,2127,106.0
6599b15ac5bd63ec64f8b1f5,1853,179.0
6599b15ac5bd63ec64f8b1f5,2402,115.0
6599b15ac5bd63ec64f8b1f5,1358,116.0
6599b15ac5bd63ec64f8b1f5,550,193.0
6599b15ac5bd63ec64f8b1f5,2605,282.0
6599b15ac5bd63ec64f8b1f5,249,160.0
6599b15ac5bd63ec64f8b1f5,2930,263.0
6599b15ac5bd63ec64f8b1f5,526,240.0
6599b15ac5bd63ec64f8b1f5,590,289.0
6599b15ac5bd63ec64f8b1f5,1679,209.0
6599b15ac5bd63ec64f8b1f5,974,184.0
6599b15ac5bd63ec64f8b1f5,1400,260.0
67d75ad8c818524ca3b86ec8,1179,210.0
67d75ad8c818524ca3b86ec8,1250,248.0
67d75ad8c818524ca3b86ec8,1540,481.0
67d75ad8c818524ca3b86ec8,1991,325.0
67d75ad8c818524ca3b86ec8,1809,186.0
67d75ad8c818524ca3b86ec8,1044,173.0
67d75ad8c818524ca3b86ec8,365,324.0
67d75ad8c818524ca3b86ec8,2595,331.0
67d75ad8c818524ca3b86ec8,415,279.0
67d75ad8c818524ca3b86ec8,1302,356.0
67d75ad8c818524ca3b86ec8,985,243.0
67d75ad8c818524ca3b86ec8,182,289.0
67854ba4bab6fc4b80eba268,2866,264.0
67854ba4bab6fc4b80eba268,1674,240.0
67854ba4bab6fc4b80eba268,2456,392.0
67854ba4bab6fc4b80eba268,1484,189.0
67854ba4bab6fc4b80eba268,178,202.0
67854ba4bab6fc4b80eba268,1954,140.0
67854ba4bab6fc4b80eba268,2323,236.0
67854ba4bab6fc4b80eba268,2157,266.0
67854ba4bab6fc4b80eba268,1157,267.0
67854ba4bab6fc4b80eba268,2027,270.0
67854ba4bab6fc4b80eba268,682,208.0
67854ba4bab6fc4b80eba268,564,395.0
674bea1eb044fbe75795fef1,1564,182.0
674bea1eb044fbe75795fef1,488,141.0
674bea1eb044fbe75795fef1,1010,151.0
674bea1eb044fbe75795fef1,352,178.0
674bea1eb044fbe75795fef1,1978,123.0
674bea1eb044fbe75795fef1,430,228.0
674bea1eb044fbe75795fef1,2642,170.0
674bea1eb044fbe75795fef1,332,131.0
674bea1eb044fbe75795fef1,188,143.0
674bea1eb044fbe75795fef1,2709,136.0
674bea1eb044fbe75795fef1,4,162.0
674bea1eb044fbe75795fef1,1157,143.0
5c7e7fd6b4c2910001a3aef2,2515,172.0
5c7e7fd6b4c2910001a3aef2,33,149.0
5c7e7fd6b4c2910001a3aef2,1629,164.0
5c7e7fd6b4c2910001a3aef2,1431,174.0
5c7e7fd6b4c2910001a3aef2,2704,120.0
5c7e7fd6b4c2910001a3aef2,1795,130.0
5c7e7fd6b4c2910001a3aef2,1334,100.0
5c7e7fd6b4c2910001a3aef2,757,113.0
5c7e7fd6b4c2910001a3aef2,1308,165.0
5c7e7fd6b4c2910001a3aef2,1857,159.0
5c7e7fd6b4c2910001a3aef2,2170,135.0
5c7e7fd6b4c2910001a3aef2,2094,205.0
667f4eb6c32c389a9edb9747,2308,159.0
667f4eb6c32c389a9edb9747,481,139.0
667f4eb6c32c389a9edb9747,1576,178.0
667f4eb6c32c389a9edb9747,2019,100.0
667f4eb6c32c389a9edb9747,1180,174.0
667f4eb6c32c389a9edb9747,1179,196.0
667f4eb6c32c389a9edb9747,1335,174.0
667f4eb6c32c389a9edb9747,955,262.0
667f4eb6c32c389a9edb9747,522,189.0
667f4eb6c32c389a9edb9747,2276,196.0
667f4eb6c32c389a9edb9747,1709,305.0
667f4eb6c32c389a9edb9747,2580,89.0
67ef4c37f1e3a6b457d0e046,2568,129.0
67ef4c37f1e3a6b457d0e046,980,89.0
67ef4c37f1e3a6b457d0e046,1219,93.0
67ef4c37f1e3a6b457d0e046,2127,32.0
67ef4c37f1e3a6b457d0e046,1939,169.0
67ef4c37f1e3a6b457d0e046,2719,181.0
67ef4c37f1e3a6b457d0e046,1543,199.0
67ef4c37f1e3a6b457d0e046,2595,108.0
67ef4c37f1e3a6b457d0e046,773,82.0
67ef4c37f1e3a6b457d0e046,2159,214.0
67ef4c37f1e3a6b457d0e046,2135,92.0
67ef4c37f1e3a6b457d0e046,1190,130.0
6792f95f2a4f2c1eeb7c31ed,1564,728.0
6792f95f2a4f2c1eeb7c31ed,1588,714.0
6792f95f2a4f2c1eeb7c31ed,182,30.0
6792f95f2a4f2c1eeb7c31ed,2169,54.0
6792f95f2a4f2c1eeb7c31ed,2879,30.0
6792f95f2a4f2c1eeb7c31ed,1491,96.0
6792f95f2a4f2c1eeb7c31ed,856,83.0
6792f95f2a4f2c1eeb7c31ed,1594,82.0
6792f95f2a4f2c1eeb7c31ed,172,35.0
6792f95f2a4f2c1eeb7c31ed,2357,83.0
6792f95f2a4f2c1eeb7c31ed,1457,754.0
6792f95f2a4f2c1eeb7c31ed,2214,152.0
66a9843c53827f826e9738ed,232,207.0
66a9843c53827f826e9738ed,944,161.0
66a9843c53827f826e9738ed,655,184.0
66a9843c53827f826e9738ed,197,231.0
66a9843c53827f826e9738ed,1090,255.0
66a9843c53827f826e9738ed,1250,229.0
66a9843c53827f826e9738ed,2316,208.0
66a9843c53827f826e9738ed,797,226.0
66a9843c53827f826e9738ed,1659,230.0
66a9843c53827f826e9738ed,1150,187.0
66a9843c53827f826e9738ed,1160,198.0
66a9843c53827f826e9738ed,726,227.0
67e519444fcac081311bbb64,2719,150.0
67e519444fcac081311bbb64,152,30.0
67e519444fcac081311bbb64,1590,300.0
67e519444fcac081311bbb64,188,80.0
67e519444fcac081311bbb64,2275,400.0
67e519444fcac081311bbb64,41,401.0
67e519444fcac081311bbb64,2508,300.0
67e519444fcac081311bbb64,2132,420.0
67e519444fcac081311bbb64,367,550.0
67e519444fcac081311bbb64,1039,100.0
67e519444fcac081311bbb64,676,90.0
67e519444fcac081311bbb64,1901,50.0
5eb6f666c792cd6143878d27,877,374.0
5eb6f666c792cd6143878d27,1309,54.0
5eb6f666c792cd6143878d27,1266,111.0
5eb6f666c792cd6143878d27,574,238.0
5eb6f666c792cd6143878d27,1005,260.0
5eb6f666c792cd6143878d27,1629,93.0
5eb6f666c792cd6143878d27,2340,213.0
5eb6f666c792cd6143878d27,1235,63.0
5eb6f666c792cd6143878d27,2797,109.0
5eb6f666c792cd6143878d27,1917,43.0
5eb6f666c792cd6143878d27,1819,78.0
5eb6f666c792cd6143878d27,1329,34.0
67f04242a622dcf4efaeffae,478,211.0
67f04242a622dcf4efaeffae,1939,194.0
67f04242a622dcf4efaeffae,496,260.0
67f04242a622dcf4efaeffae,195,185.0
67f04242a622dcf4efaeffae,2194,175.0
67f04242a622dcf4efaeffae,2681,190.0
67f04242a622dcf4efaeffae,1995,180.0
67f04242a622dcf4efaeffae,1777,210.0
67f04242a622dcf4efaeffae,1217,190.0
67f04242a622dcf4efaeffae,2105,180.0
67f04242a622dcf4efaeffae,2515,205.0
67f04242a622dcf4efaeffae,416,190.0
675cf75e3c237ff931f4a43e,1206,115.0
675cf75e3c237ff931f4a43e,2518,135.0
675cf75e3c237ff931f4a43e,1309,160.0
675cf75e3c237ff931f4a43e,2362,110.0
675cf75e3c237ff931f4a43e,2021,110.0
675cf75e3c237ff931f4a43e,1504,110.0
675cf75e3c237ff931f4a43e,813,210.0
675cf75e3c237ff931f4a43e,867,230.0
675cf75e3c237ff931f4a43e,1629,160.0
675cf75e3c237ff931f4a43e,2554,105.0
675cf75e3c237ff931f4a43e,138,180.0
675cf75e3c237ff931f4a43e,2699,150.0
67ce1065642e75fb03792cd2,1099,255.0
67ce1065642e75fb03792cd2,2697,100.0
67ce1065642e75fb03792cd2,2849,175.0
67ce1065642e75fb03792cd2,599,200.0
67ce1065642e75fb03792cd2,1536,170.0
67ce1065642e75fb03792cd2,2044,155.0
67ce1065642e75fb03792cd2,500,150.0
67ce1065642e75fb03792cd2,1298,130.0
67ce1065642e75fb03792cd2,2535,354.0
67ce1065642e75fb03792cd2,2564,205.0
67ce1065642e75fb03792cd2,1938,129.0
67ce1065642e75fb03792cd2,2032,113.0
6111d3aa2e12fb09c474a445,976,72.0
6111d3aa2e12fb09c474a445,2316,198.0
6111d3aa2e12fb09c474a445,1762,275.0
6111d3aa2e12fb09c474a445,1247,49.0
6111d3aa2e12fb09c474a445,1786,307.0
6111d3aa2e12fb09c474a445,2453,193.0
6111d3aa2e12fb09c474a445,624,105.0
6111d3aa2e12fb09c474a445,1585,205.0
6111d3aa2e12fb09c474a445,969,293.0
6111d3aa2e12fb09c474a445,944,24.0
6111d3aa2e12fb09c474a445,2705,263.0
6111d3aa2e12fb09c474a445,1989,102.0
671d48bbee99c1439ae0d0de,1331,415.0
671d48bbee99c1439ae0d0de,138,237.0
671d48bbee99c1439ae0d0de,1040,304.0
671d48bbee99c1439ae0d0de,416,320.0
671d48bbee99c1439ae0d0de,1786,560.0
671d48bbee99c1439ae0d0de,206,410.0
671d48bbee99c1439ae0d0de,2879,329.0
671d48bbee99c1439ae0d0de,1962,502.0
671d48bbee99c1439ae0d0de,535,329.0
671d48bbee99c1439ae0d0de,1288,353.0
671d48bbee99c1439ae0d0de,2246,330.0
671d48bbee99c1439ae0d0de,1883,404.0
6110b901d3037af4edb435c5,708,132.0
6110b901d3037af4edb435c5,603,183.0
6110b901d3037af4edb435c5,2637,135.0
6110b901d3037af4edb435c5,2071,94.0
6110b901d3037af4edb435c5,907,127.0
6110b901d3037af4edb435c5,2639,149.0
6110b901d3037af4edb435c5,550,160.0
6110b901d3037af4edb435c5,1900,108.0
6110b901d3037af4edb435c5,589,118.0
6110b901d3037af4edb435c5,1834,266.0
6110b901d3037af4edb435c5,2872,167.0
6110b901d3037af4edb435c5,910,143.0
66a63df6388e9adeb75e857d,302,99.0
66a63df6388e9adeb75e857d,2257,175.0
66a63df6388e9adeb75e857d,95,190.0
66a63df6388e9adeb75e857d,774,180.0
66a63df6388e9adeb75e857d,331,84.0
66a63df6388e9adeb75e857d,958,220.0
66a63df6388e9adeb75e857d,1069,260.0
66a63df6388e9adeb75e857d,614,130.0
66a63df6388e9adeb75e857d,560,110.0
66a63df6388e9adeb75e857d,2249,170.0
66a63df6388e9adeb75e857d,536,200.0
66a63df6388e9adeb75e857d,2157,159.0
62bb42e2f21cfdb280cc975f,2441,565.0
62bb42e2f21cfdb280cc975f,633,285.0
62bb42e2f21cfdb280cc975f,1145,325.0
62bb42e2f21cfdb280cc975f,1306,190.0
62bb42e2f21cfdb280cc975f,1238,140.0
62bb42e2f21cfdb280cc975f,1571,225.0
62bb42e2f21cfdb280cc975f,1771,260.0
62bb42e2f21cfdb280cc975f,2710,214.0
62bb42e2f21cfdb280cc975f,1564,405.0
62bb42e2f21cfdb280cc975f,701,88.0
62bb42e2f21cfdb280cc975f,1809,385.0
62bb42e2f21cfdb280cc975f,536,379.0
63ea974c81ff0fffe7fb8613,2605,150.0
63ea974c81ff0fffe7fb8613,82,160.0
63ea974c81ff0fffe7fb8613,837,130.0
63ea974c81ff0fffe7fb8613,1298,100.0
63ea974c81ff0fffe7fb8613,319,137.0
63ea974c81ff0fffe7fb8613,2154,227.0
63ea974c81ff0fffe7fb8613,2771,165.0
63ea974c81ff0fffe7fb8613,750,168.0
63ea974c81ff0fffe7fb8613,1996,251.0
63ea974c81ff0fffe7fb8613,1354,180.0
63ea974c81ff0fffe7fb8613,2010,146.0
63ea974c81ff0fffe7fb8613,2136,199.0
677c4ac5878568e38dae405a,617,265.0
677c4ac5878568e38dae405a,1903,231.0
677c4ac5878568e38dae405a,2653,227.0
677c4ac5878568e38dae405a,1923,350.0
677c4ac5878568e38dae405a,1995,312.0
677c4ac5878568e38dae405a,2127,248.0
677c4ac5878568e38dae405a,2434,288.0
677c4ac5878568e38dae405a,2448,315.0
677c4ac5878568e38dae405a,614,320.0
677c4ac5878568e38dae405a,2244,314.0
677c4ac5878568e38dae405a,352,575.0
677c4ac5878568e38dae405a,2724,447.0
63ae111b15843aca0165d6ae,1832,236.0
63ae111b15843aca0165d6ae,95,308.0
63ae111b15843aca0165d6ae,1501,150.0
63ae111b15843aca0165d6ae,1044,193.0
63ae111b15843aca0165d6ae,2044,110.0
63ae111b15843aca0165d6ae,1570,230.0
63ae111b15843aca0165d6ae,1071,215.0
63ae111b15843aca0165d6ae,1760,194.0
63ae111b15843aca0165d6ae,493,172.0
63ae111b15843aca0165d6ae,404,103.0
63ae111b15843aca0165d6ae,1150,90.0
63ae111b15843aca0165d6ae,397,160.0
67002cbf0cab7540f09ada40,249,429.0
67002cbf0cab7540f09ada40,232,458.0
67002cbf0cab7540f09ada40,2194,350.0
67002cbf0cab7540f09ada40,303,465.0
67002cbf0cab7540f09ada40,1700,373.0
67002cbf0cab7540f09ada40,701,413.0
67002cbf0cab7540f09ada40,1127,428.0
67002cbf0cab7540f09ada40,1345,493.0
67002cbf0cab7540f09ada40,1614,351.0
67002cbf0cab7540f09ada40,2330,382.0
67002cbf0cab7540f09ada40,41,387.0
67002cbf0cab7540f09ada40,1130,381.0
67e8e88ed0713752dc570969,1040,151.0
67e8e88ed0713752dc570969,1995,186.0
67e8e88ed0713752dc570969,251,199.0
67e8e88ed0713752dc570969,2388,216.0
67e8e88ed0713752dc570969,1564,202.0
67e8e88ed0713752dc570969,383,153.0
67e8e88ed0713752dc570969,1754,212.0
67e8e88ed0713752dc570969,2667,244.0
67e8e88ed0713752dc570969,1431,137.0
67e8e88ed0713752dc570969,1786,191.0
67e8e88ed0713752dc570969,1993,124.0
67e8e88ed0713752dc570969,1874,107.0
673b4532dad611895a16ae00,1385,145.0
673b4532dad611895a16ae00,1218,155.0
673b4532dad611895a16ae00,944,124.0
673b4532dad611895a16ae00,2071,135.0
673b4532dad611895a16ae00,2170,146.0
673b4532dad611895a16ae00,830,165.0
673b4532dad611895a16ae00,1179,190.0
673b4532dad611895a16ae00,2242,130.0
673b4532dad611895a16ae00,2257,185.0
673b4532dad611895a16ae00,1855,215.0
673b4532dad611895a16ae00,2703,140.0
673b4532dad611895a16ae00,1431,180.0
67dee8e1d1987d1ed13de520,2485,325.0
67dee8e1d1987d1ed13de520,2733,316.0
67dee8e1d1987d1ed13de520,1420,413.0
67dee8e1d1987d1ed13de520,1853,477.0
67dee8e1d1987d1ed13de520,1071,480.0
67dee8e1d1987d1ed13de520,867,475.0
67dee8e1d1987d1ed13de520,679,289.0
67dee8e1d1987d1ed13de520,1136,531.0
67dee8e1d1987d1ed13de520,1003,400.0
67dee8e1d1987d1ed13de520,922,124.0
67dee8e1d1987d1ed13de520,1271,212.0
67dee8e1d1987d1ed13de520,1952,95.0
67d5e0560704251993215988,1697,500.0
67d5e0560704251993215988,2703,90.0
67d5e0560704251993215988,1622,349.0
67d5e0560704251993215988,621,302.0
67d5e0560704251993215988,708,201.0
67d5e0560704251993215988,2229,337.0
67d5e0560704251993215988,1771,505.0
67d5e0560704251993215988,2135,269.0
67d5e0560704251993215988,1222,312.0
67d5e0560704251993215988,2197,289.0
67d5e0560704251993215988,2515,305.0
67d5e0560704251993215988,429,396.0
665bb3facf3b60004a908818,2790,305.0
665bb3facf3b60004a908818,997,216.0
665bb3facf3b60004a908818,837,92.0
665bb3facf3b60004a908818,2298,79.0
665bb3facf3b60004a908818,200,66.0
665bb3facf3b60004a908818,195,67.0
665bb3facf3b60004a908818,2897,207.0
665bb3facf3b60004a908818,2011,135.0
665bb3facf3b60004a908818,1194,78.0
665bb3facf3b60004a908818,611,109.0
665bb3facf3b60004a908818,958,291.0
665bb3facf3b60004a908818,614,56.0
663e26ccdbc470527165388b,1536,262.0
663e26ccdbc470527165388b,1907,203.0
663e26ccdbc470527165388b,1580,349.0
663e26ccdbc470527165388b,589,265.0
663e26ccdbc470527165388b,938,385.0
663e26ccdbc470527165388b,29,351.0
663e26ccdbc470527165388b,1453,241.0
663e26ccdbc470527165388b,2334,409.0
663e26ccdbc470527165388b,655,251.0
663e26ccdbc470527165388b,2027,426.0
663e26ccdbc470527165388b,900,330.0
663e26ccdbc470527165388b,817,557.0
5cb67a7ab73e8a001507fae5,1958,208.0
5cb67a7ab73e8a001507fae5,1883,219.0
5cb67a7ab73e8a001507fae5,2709,242.0
5cb67a7ab73e8a001507fae5,2287,216.0
5cb67a7ab73e8a001507fae5,1309,260.0
5cb67a7ab73e8a001507fae5,522,440.0
5cb67a7ab73e8a001507fae5,1039,320.0
5cb67a7ab73e8a001507fae5,73,340.0
5cb67a7ab73e8a001507fae5,2478,320.0
5cb67a7ab73e8a001507fae5,1358,299.0
5cb67a7ab73e8a001507fae5,877,368.0
5cb67a7ab73e8a001507fae5,926,315.0
5f4ae7cb6b68b56c2acb12c8,2453,325.0
5f4ae7cb6b68b56c2acb12c8,1453,110.0
5f4ae7cb6b68b56c2acb12c8,2152,190.0
5f4ae7cb6b68b56c2acb12c8,2508,180.0
5f4ae7cb6b68b56c2acb12c8,2809,225.0
5f4ae7cb6b68b56c2acb12c8,249,145.0
5f4ae7cb6b68b56c2acb12c8,757,160.0
5f4ae7cb6b68b56c2acb12c8,837,131.0
5f4ae7cb6b68b56c2acb12c8,2069,163.0
5f4ae7cb6b68b56c2acb12c8,465,235.0
5f4ae7cb6b68b56c2acb12c8,2044,176.0
5f4ae7cb6b68b56c2acb12c8,775,121.0
6735170efd3f52b12d5a9018,2332,755.0
6735170efd3f52b12d5a9018,2429,599.0
6735170efd3f52b12d5a9018,578,160.0
6735170efd3f52b12d5a9018,2498,139.0
6735170efd3f52b12d5a9018,242,698.0
6735170efd3f52b12d5a9018,1045,138.0
6735170efd3f52b12d5a9018,907,91.0
6735170efd3f52b12d5a9018,1951,14.0
6735170efd3f52b12d5a9018,536,278.0
6735170efd3f52b12d5a9018,1145,212.0
6735170efd3f52b12d5a9018,2111,358.0
6735170efd3f52b12d5a9018,570,584.0
67d199dccef93b5f121fced2,791,160.0
67d199dccef93b5f121fced2,347,220.0
67d199dccef93b5f121fced2,651,200.0
67d199dccef93b5f121fced2,1145,190.0
67d199dccef93b5f121fced2,1760,180.0
67d199dccef93b5f121fced2,2362,130.0
67d199dccef93b5f121fced2,2788,140.0
67d199dccef93b5f121fced2,1308,160.0
67d199dccef93b5f121fced2,258,200.0
67d199dccef93b5f121fced2,1416,180.0
67d199dccef93b5f121fced2,2135,150.0
67d199dccef93b5f121fced2,2605,250.0
67eae58fc3dd9fc188005fb1,937,311.0
67eae58fc3dd9fc188005fb1,1809,385.0
67eae58fc3dd9fc188005fb1,676,238.0
67eae58fc3dd9fc188005fb1,2788,755.0
67eae58fc3dd9fc188005fb1,502,534.0
67eae58fc3dd9fc188005fb1,429,420.0
67eae58fc3dd9fc188005fb1,1045,163.0
67eae58fc3dd9fc188005fb1,1847,384.0
67eae58fc3dd9fc188005fb1,453,533.0
67eae58fc3dd9fc188005fb1,2535,270.0
67eae58fc3dd9fc188005fb1,2719,312.0
67eae58fc3dd9fc188005fb1,1925,340.0
67e475f0619f76ded4a5146b,1883,182.0
67e475f0619f76ded4a5146b,281,163.0
67e475f0619f76ded4a5146b,234,107.0
67e475f0619f76ded4a5146b,2693,126.0
67e475f0619f76ded4a5146b,1037,217.0
67e475f0619f76ded4a5146b,2554,212.0
67e475f0619f76ded4a5146b,1133,265.0
67e475f0619f76ded4a5146b,2212,42.0
67e475f0619f76ded4a5146b,1656,187.0
67e475f0619f76ded4a5146b,1353,307.0
67e475f0619f76ded4a5146b,2434,301.0
67e475f0619f76ded4a5146b,1518,418.0
6151e479b4ee16668948c7f2,974,172.0
6151e479b4ee16668948c7f2,2157,195.0
6151e479b4ee16668948c7f2,1629,204.0
6151e479b4ee16668948c7f2,2445,291.0
6151e479b4ee16668948c7f2,2214,151.0
6151e479b4ee16668948c7f2,1356,165.0
6151e479b4ee16668948c7f2,1288,137.0
6151e479b4ee16668948c7f2,2140,210.0
6151e479b4ee16668948c7f2,2554,137.0
6151e479b4ee16668948c7f2,2464,340.0
6151e479b4ee16668948c7f2,2667,431.0
6151e479b4ee16668948c7f2,2647,141.0
67dff7baa47b22e23bc1a411,1358,722.0
67dff7baa47b22e23bc1a411,416,532.0
67dff7baa47b22e23bc1a411,1560,464.0
67dff7baa47b22e23bc1a411,2706,467.0
67dff7baa47b22e23bc1a411,1923,571.0
67dff7baa47b22e23bc1a411,2136,521.0
67dff7baa47b22e23bc1a411,1133,568.0
67dff7baa47b22e23bc1a411,2235,557.0
67dff7baa47b22e23bc1a411,2154,391.0
67dff7baa47b22e23bc1a411,2808,415.0
67dff7baa47b22e23bc1a411,83,455.0
67dff7baa47b22e23bc1a411,88,471.0
67dbbc7afefae2c6a5e535d2,1364,170.0
67dbbc7afefae2c6a5e535d2,2719,165.0
67dbbc7afefae2c6a5e535d2,1556,250.0
67dbbc7afefae2c6a5e535d2,570,400.0
67dbbc7afefae2c6a5e535d2,305,270.0
67dbbc7afefae2c6a5e535d2,2476,280.0
67dbbc7afefae2c6a5e535d2,2120,195.0
67dbbc7afefae2c6a5e535d2,1514,130.0
67dbbc7afefae2c6a5e535d2,2122,250.0
67dbbc7afefae2c6a5e535d2,2445,510.0
67dbbc7afefae2c6a5e535d2,1148,235.0
67dbbc7afefae2c6a5e535d2,1989,120.0
67e1ae3da43f345c7b8cf3ee,2897,409.0
67e1ae3da43f345c7b8cf3ee,2027,275.0
67e1ae3da43f345c7b8cf3ee,2170,229.0
67e1ae3da43f345c7b8cf3ee,1922,184.0
67e1ae3da43f345c7b8cf3ee,1525,334.0
67e1ae3da43f345c7b8cf3ee,1952,194.0
67e1ae3da43f345c7b8cf3ee,2407,603.0
67e1ae3da43f345c7b8cf3ee,1133,285.0
67e1ae3da43f345c7b8cf3ee,2305,207.0
67e1ae3da43f345c7b8cf3ee,526,288.0
67e1ae3da43f345c7b8cf3ee,1343,121.0
67e1ae3da43f345c7b8cf3ee,798,272.0
6791a8549ed23cc3997dd33a,1571,300.0
6791a8549ed23cc3997dd33a,1978,200.0
6791a8549ed23cc3997dd33a,2464,255.0
6791a8549ed23cc3997dd33a,1206,316.0
6791a8549ed23cc3997dd33a,394,286.0
6791a8549ed23cc3997dd33a,2170,296.0
6791a8549ed23cc3997dd33a,2381,260.0
6791a8549ed23cc3997dd33a,232,157.0
6791a8549ed23cc3997dd33a,2323,172.0
6791a8549ed23cc3997dd33a,2372,280.0
6791a8549ed23cc3997dd33a,2229,271.0
6791a8549ed23cc3997dd33a,1118,160.0
60085c96f16b701cbdced9a4,2308,337.0
60085c96f16b701cbdced9a4,2855,214.0
60085c96f16b701cbdced9a4,1037,160.0
60085c96f16b701cbdced9a4,2305,160.0
60085c96f16b701cbdced9a4,2205,240.0
60085c96f16b701cbdced9a4,2724,240.0
60085c96f16b701cbdced9a4,2809,241.0
60085c96f16b701cbdced9a4,2513,206.0
60085c96f16b701cbdced9a4,528,332.0
60085c96f16b701cbdced9a4,2316,215.0
60085c96f16b701cbdced9a4,1021,187.0
60085c96f16b701cbdced9a4,2154,232.0
67d498509c3613c847852d07,1579,214.0
67d498509c3613c847852d07,1451,303.0
67d498509c3613c847852d07,2440,255.0
67d498509c3613c847852d07,1849,271.0
67d498509c3613c847852d07,1224,187.0
67d498509c3613c847852d07,1090,348.0
67d498509c3613c847852d07,2102,313.0
67d498509c3613c847852d07,2122,405.0
67d498509c3613c847852d07,1945,381.0
67d498509c3613c847852d07,1684,360.0
67d498509c3613c847852d07,2895,539.0
67d498509c3613c847852d07,2183,329.0
6749f8df0690584bddd6a5ec,1146,463.0
6749f8df0690584bddd6a5ec,1857,408.0
6749f8df0690584bddd6a5ec,1947,293.0
6749f8df0690584bddd6a5ec,1292,332.0
6749f8df0690584bddd6a5ec,938,472.0
6749f8df0690584bddd6a5ec,2396,523.0
6749f8df0690584bddd6a5ec,2157,445.0
6749f8df0690584bddd6a5ec,2707,258.0
6749f8df0690584bddd6a5ec,840,360.0
6749f8df0690584bddd6a5ec,2582,179.0
6749f8df0690584bddd6a5ec,1105,403.0
6749f8df0690584bddd6a5ec,2021,121.0
66ef2ea90ee0818419f3002e,645,64.0
66ef2ea90ee0818419f3002e,2879,28.0
66ef2ea90ee0818419f3002e,2723,40.0
66ef2ea90ee0818419f3002e,2235,99.0
66ef2ea90ee0818419f3002e,232,86.0
66ef2ea90ee0818419f3002e,1900,122.0
66ef2ea90ee0818419f3002e,189,101.0
66ef2ea90ee0818419f3002e,2308,153.0
66ef2ea90ee0818419f3002e,1395,30.0
66ef2ea90ee0818419f3002e,1989,41.0
66ef2ea90ee0818419f3002e,305,81.0
66ef2ea90ee0818419f3002e,1556,98.0
67f18f6eec788e9da2056577,2357,139.0
67f18f6eec788e9da2056577,41,460.0
67f18f6eec788e9da2056577,1216,160.0
67f18f6eec788e9da2056577,1748,476.0
67f18f6eec788e9da2056577,762,125.0
67f18f6eec788e9da2056577,708,105.0
67f18f6eec788e9da2056577,178,112.0
67f18f6eec788e9da2056577,1939,135.0
67f18f6eec788e9da2056577,158,137.0
67f18f6eec788e9da2056577,1907,110.0
67f18f6eec788e9da2056577,750,175.0
67f18f6eec788e9da2056577,209,143.0
67d24ddcb1901b78b952b8d8,120,13.0
67d24ddcb1901b78b952b8d8,2197,32.0
67d24ddcb1901b78b952b8d8,83,24.0
67d24ddcb1901b78b952b8d8,2434,24.0
67d24ddcb1901b78b952b8d8,682,13.0
67d24ddcb1901b78b952b8d8,2520,13.0
67d24ddcb1901b78b952b8d8,1874,32.0
67d24ddcb1901b78b952b8d8,2832,40.0
67d24ddcb1901b78b952b8d8,564,18.0
67d24ddcb1901b78b952b8d8,2311,13.0
67d24ddcb1901b78b952b8d8,2866,13.0
67d24ddcb1901b78b952b8d8,55,13.0
667a1f5e23bc5cee5bdb0a89,2205,95.0
667a1f5e23bc5cee5bdb0a89,2543,104.0
667a1f5e23bc5cee5bdb0a89,792,150.0
667a1f5e23bc5cee5bdb0a89,2246,201.0
667a1f5e23bc5cee5bdb0a89,2396,300.0
667a1f5e23bc5cee5bdb0a89,1385,150.0
667a1f5e23bc5cee5bdb0a89,830,180.0
667a1f5e23bc5cee5bdb0a89,1118,275.0
667a1f5e23bc5cee5bdb0a89,2199,105.0
667a1f5e23bc5cee5bdb0a89,2311,184.0
667a1f5e23bc5cee5bdb0a89,1409,120.0
667a1f5e23bc5cee5bdb0a89,1400,310.0
67ce1feb43ee9200186c94b3,1766,227.0
67ce1feb43ee9200186c94b3,367,289.0
67ce1feb43ee9200186c94b3,2515,176.0
67ce1feb43ee9200186c94b3,73,197.0
67ce1feb43ee9200186c94b3,2445,212.0
67ce1feb43ee9200186c94b3,127,155.0
67ce1feb43ee9200186c94b3,636,158.0
67ce1feb43ee9200186c94b3,109,157.0
67ce1feb43ee9200186c94b3,614,126.0
67ce1feb43ee9200186c94b3,774,136.0
67ce1feb43ee9200186c94b3,1900,114.0
67ce1feb43ee9200186c94b3,1235,132.0
67db2eee909560bc7b65e8b5,152,139.0
67db2eee909560bc7b65e8b5,703,130.0
67db2eee909560bc7b65e8b5,2350,169.0
67db2eee909560bc7b65e8b5,682,153.0
67db2eee909560bc7b65e8b5,2803,539.0
67db2eee909560bc7b65e8b5,426,583.0
67db2eee909560bc7b65e8b5,2120,231.0
67db2eee909560bc7b65e8b5,1721,551.0
67db2eee909560bc7b65e8b5,41,587.0
67db2eee909560bc7b65e8b5,109,197.0
67db2eee909560bc7b65e8b5,1540,147.0
67db2eee909560bc7b65e8b5,2543,162.0
67f05ce092cdcc0392692398,2009,310.0
67f05ce092cdcc0392692398,1692,532.0
67f05ce092cdcc0392692398,2704,161.0
67f05ce092cdcc0392692398,1382,154.0
67f05ce092cdcc0392692398,1416,161.0
67f05ce092cdcc0392692398,222,336.0
67f05ce092cdcc0392692398,1762,384.0
67f05ce092cdcc0392692398,502,458.0
67f05ce092cdcc0392692398,762,87.0
67f05ce092cdcc0392692398,121,236.0
67f05ce092cdcc0392692398,665,161.0
67f05ce092cdcc0392692398,1345,236.0
680d155019b77b986ff85126,1416,170.0
680d155019b77b986ff85126,522,215.0
680d155019b77b986ff85126,2849,93.0
680d155019b77b986ff85126,242,268.0
680d155019b77b986ff85126,2564,154.0
680d155019b77b986ff85126,1737,200.0
680d155019b77b986ff85126,1588,265.0
680d155019b77b986ff85126,14,193.0
680d155019b77b986ff85126,138,190.0
680d155019b77b986ff85126,547,152.0
680d155019b77b986ff85126,2176,188.0
680d155019b77b986ff85126,82,225.0
67ed70e0e3774386028e6f36,232,249.0
67ed70e0e3774386028e6f36,1238,131.0
67ed70e0e3774386028e6f36,1356,150.0
67ed70e0e3774386028e6f36,758,34.0
67ed70e0e3774386028e6f36,477,230.0
67ed70e0e3774386028e6f36,2444,424.0
67ed70e0e3774386028e6f36,1395,125.0
67ed70e0e3774386028e6f36,303,115.0
67ed70e0e3774386028e6f36,1540,235.0
67ed70e0e3774386028e6f36,2214,210.0
67ed70e0e3774386028e6f36,182,169.0
67ed70e0e3774386028e6f36,1855,250.0
67e57b29e7810bb2bd692975,1830,207.0
67e57b29e7810bb2bd692975,477,172.0
67e57b29e7810bb2bd692975,2461,170.0
67e57b29e7810bb2bd692975,608,212.0
67e57b29e7810bb2bd692975,1033,209.0
67e57b29e7810bb2bd692975,1298,178.0
67e57b29e7810bb2bd692975,985,176.0
67e57b29e7810bb2bd692975,269,166.0
67e57b29e7810bb2bd692975,1021,222.0
67e57b29e7810bb2bd692975,2413,185.0
67e57b29e7810bb2bd692975,1916,208.0
67e57b29e7810bb2bd692975,2147,203.0
67cf6a28b18bea0454bf3eba,166,60.0
67cf6a28b18bea0454bf3eba,2641,31.0
67cf6a28b18bea0454bf3eba,1874,33.0
67cf6a28b18bea0454bf3eba,221,40.0
67cf6a28b18bea0454bf3eba,1903,24.0
67cf6a28b18bea0454bf3eba,1916,54.0
67cf6a28b18bea0454bf3eba,1630,69.0
67cf6a28b18bea0454bf3eba,2448,52.0
67cf6a28b18bea0454bf3eba,2604,25.0
67cf6a28b18bea0454bf3eba,1754,60.0
67cf6a28b18bea0454bf3eba,1883,38.0
67cf6a28b18bea0454bf3eba,2849,38.0
67e2e764714c5f5bf40b8697,1542,158.0
67e2e764714c5f5bf40b8697,2711,163.0
67e2e764714c5f5bf40b8697,2413,247.0
67e2e764714c5f5bf40b8697,1335,120.0
67e2e764714c5f5bf40b8697,797,114.0
67e2e764714c5f5bf40b8697,1186,166.0
67e2e764714c5f5bf40b8697,2102,237.0
67e2e764714c5f5bf40b8697,195,133.0
67e2e764714c5f5bf40b8697,2788,165.0
67e2e764714c5f5bf40b8697,560,161.0
67e2e764714c5f5bf40b8697,2461,214.0
67e2e764714c5f5bf40b8697,1900,126.0
67d72937538a1727e5be0404,1186,181.0
67d72937538a1727e5be0404,172,145.0
67d72937538a1727e5be0404,491,250.0
67d72937538a1727e5be0404,694,175.0
67d72937538a1727e5be0404,2604,180.0
67d72937538a1727e5be0404,1385,160.0
67d72937538a1727e5be0404,2372,160.0
67d72937538a1727e5be0404,1995,190.0
67d72937538a1727e5be0404,82,185.0
67d72937538a1727e5be0404,1266,200.0
67d72937538a1727e5be0404,1754,191.0
67d72937538a1727e5be0404,1594,180.0
67ebed689af1d70041b39387,1614,340.0
67ebed689af1d70041b39387,2242,244.0
67ebed689af1d70041b39387,2681,163.0
67ebed689af1d70041b39387,1495,295.0
67ebed689af1d70041b39387,2808,324.0
67ebed689af1d70041b39387,2226,277.0
67ebed689af1d70041b39387,528,373.0
67ebed689af1d70041b39387,1010,290.0
67ebed689af1d70041b39387,502,495.0
67ebed689af1d70041b39387,1238,276.0
67ebed689af1d70041b39387,1874,240.0
67ebed689af1d70041b39387,1145,251.0
67e0a38c966b7fa2515fde66,1235,161.0
67e0a38c966b7fa2515fde66,550,189.0
67e0a38c966b7fa2515fde66,2011,224.0
67e0a38c966b7fa2515fde66,2180,209.0
67e0a38c966b7fa2515fde66,1526,202.0
67e0a38c966b7fa2515fde66,1593,197.0
67e0a38c966b7fa2515fde66,1662,193.0
67e0a38c966b7fa2515fde66,347,204.0
67e0a38c966b7fa2515fde66,1247,194.0
67e0a38c966b7fa2515fde66,453,205.0
67e0a38c966b7fa2515fde66,1837,246.0
67e0a38c966b7fa2515fde66,578,237.0
60fd55f559e7795b518f7438,726,508.0
60fd55f559e7795b518f7438,922,367.0
60fd55f559e7795b518f7438,556,325.0
60fd55f559e7795b518f7438,232,488.0
60fd55f559e7795b518f7438,935,390.0
60fd55f559e7795b518f7438,196,588.0
60fd55f559e7795b518f7438,1238,608.0
60fd55f559e7795b518f7438,589,499.0
60fd55f559e7795b518f7438,1148,277.0
60fd55f559e7795b518f7438,1809,211.0
60fd55f559e7795b518f7438,2596,381.0
60fd55f559e7795b518f7438,2018,428.0
6702d33497f4358053bbc7be,2444,191.0
6702d33497f4358053bbc7be,1947,160.0
6702d33497f4358053bbc7be,2161,186.0
6702d33497f4358053bbc7be,813,160.0
6702d33497f4358053bbc7be,1995,160.0
6702d33497f4358053bbc7be,1777,198.0
6702d33497f4358053bbc7be,1760,223.0
6702d33497f4358053bbc7be,587,193.0
6702d33497f4358053bbc7be,1012,195.0
6702d33497f4358053bbc7be,2639,192.0
6702d33497f4358053bbc7be,2298,183.0
6702d33497f4358053bbc7be,1906,205.0
67d01ea6cc32d2475121a0bd,1958,200.0
67d01ea6cc32d2475121a0bd,1416,100.0
67d01ea6cc32d2475121a0bd,775,115.0
67d01ea6cc32d2475121a0bd,651,250.0
67d01ea6cc32d2475121a0bd,2197,180.0
67d01ea6cc32d2475121a0bd,959,400.0
67d01ea6cc32d2475121a0bd,2838,180.0
67d01ea6cc32d2475121a0bd,896,190.0
67d01ea6cc32d2475121a0bd,2176,180.0
67d01ea6cc32d2475121a0bd,2434,350.0
67d01ea6cc32d2475121a0bd,2396,550.0
67d01ea6cc32d2475121a0bd,2707,200.0
67cc685deb5f04f1fa1ed641,896,180.0
67cc685deb5f04f1fa1ed641,2552,156.0
67cc685deb5f04f1fa1ed641,548,165.0
67cc685deb5f04f1fa1ed641,2170,170.0
67cc685deb5f04f1fa1ed641,1767,260.0
67cc685deb5f04f1fa1ed641,1418,160.0
67cc685deb5f04f1fa1ed641,910,290.0
67cc685deb5f04f1fa1ed641,840,185.0
67cc685deb5f04f1fa1ed641,2127,140.0
67cc685deb5f04f1fa1ed641,2709,175.0
67cc685deb5f04f1fa1ed641,2039,130.0
67cc685deb5f04f1fa1ed641,217,210.0
673638b56bb65715b44b147f,2641,170.0
673638b56bb65715b44b147f,2639,285.0
673638b56bb65715b44b147f,1594,150.0
673638b56bb65715b44b147f,1234,185.0
673638b56bb65715b44b147f,352,180.0
673638b56bb65715b44b147f,2555,189.0
673638b56bb65715b44b147f,2017,755.0
673638b56bb65715b44b147f,1354,191.0
673638b56bb65715b44b147f,200,202.0
673638b56bb65715b44b147f,1942,157.0
673638b56bb65715b44b147f,2039,169.0
673638b56bb65715b44b147f,2669,120.0
63251e479509813fab713ad2,1827,140.0
63251e479509813fab713ad2,2140,150.0
63251e479509813fab713ad2,196,227.0
63251e479509813fab713ad2,2381,256.0
63251e479509813fab713ad2,1449,181.0
63251e479509813fab713ad2,2441,235.0
63251e479509813fab713ad2,655,124.0
63251e479509813fab713ad2,639,155.0
63251e479509813fab713ad2,1978,143.0
63251e479509813fab713ad2,2513,171.0
63251e479509813fab713ad2,491,203.0
63251e479509813fab713ad2,2771,167.0
65d863e56337aa59292ccd66,590,171.0
65d863e56337aa59292ccd66,2445,200.0
65d863e56337aa59292ccd66,2214,130.0
65d863e56337aa59292ccd66,1593,155.0
65d863e56337aa59292ccd66,2707,174.0
65d863e56337aa59292ccd66,2572,155.0
65d863e56337aa59292ccd66,1145,180.0
65d863e56337aa59292ccd66,708,131.0
65d863e56337aa59292ccd66,1488,140.0
65d863e56337aa59292ccd66,477,216.0
65d863e56337aa59292ccd66,1571,233.0
65d863e56337aa59292ccd66,2246,200.0
67edd1f521a24b440dd7f114,2429,450.0
67edd1f521a24b440dd7f114,2813,455.0
67edd1f521a24b440dd7f114,621,610.0
67edd1f521a24b440dd7f114,232,400.0
67edd1f521a24b440dd7f114,937,650.0
67edd1f521a24b440dd7f114,2731,700.0
67edd1f521a24b440dd7f114,1967,415.0
67edd1f521a24b440dd7f114,1696,445.0
67edd1f521a24b440dd7f114,2105,340.0
67edd1f521a24b440dd7f114,82,420.0
67edd1f521a24b440dd7f114,1040,200.0
67edd1f521a24b440dd7f114,1358,510.0
67df65cf111af9caf43e00a5,2615,105.0
67df65cf111af9caf43e00a5,583,195.0
67df65cf111af9caf43e00a5,300,145.0
67df65cf111af9caf43e00a5,935,152.0
67df65cf111af9caf43e00a5,2583,118.0
67df65cf111af9caf43e00a5,2183,135.0
67df65cf111af9caf43e00a5,2283,175.0
67df65cf111af9caf43e00a5,2214,225.0
67df65cf111af9caf43e00a5,1847,165.0
67df65cf111af9caf43e00a5,2771,158.0
67df65cf111af9caf43e00a5,1859,178.0
67df65cf111af9caf43e00a5,679,142.0
67842f8946d40d29bab62756,1808,214.0
67842f8946d40d29bab62756,55,198.0
67842f8946d40d29bab62756,2482,229.0
67842f8946d40d29bab62756,305,243.0
67842f8946d40d29bab62756,1894,312.0
67842f8946d40d29bab62756,1403,308.0
67842f8946d40d29bab62756,969,199.0
67842f8946d40d29bab62756,1012,250.0
67842f8946d40d29bab62756,1239,264.0
67842f8946d40d29bab62756,474,259.0
67842f8946d40d29bab62756,111,205.0
67842f8946d40d29bab62756,792,462.0
67f3ee10bbc67d6b644f2ab3,269,365.0
67f3ee10bbc67d6b644f2ab3,336,180.0
67f3ee10bbc67d6b644f2ab3,2449,215.0
67f3ee10bbc67d6b644f2ab3,1197,222.0
67f3ee10bbc67d6b644f2ab3,2452,209.0
67f3ee10bbc67d6b644f2ab3,2555,178.0
67f3ee10bbc67d6b644f2ab3,2915,149.0
67f3ee10bbc67d6b644f2ab3,2267,182.0
67f3ee10bbc67d6b644f2ab3,2464,174.0
67f3ee10bbc67d6b644f2ab3,1809,136.0
67f3ee10bbc67d6b644f2ab3,1832,202.0
67f3ee10bbc67d6b644f2ab3,2448,203.0
67e75eae34ebdb05e34a891a,840,308.0
67e75eae34ebdb05e34a891a,2710,190.0
67e75eae34ebdb05e34a891a,809,180.0
67e75eae34ebdb05e34a891a,1588,240.0
67e75eae34ebdb05e34a891a,1556,110.0
67e75eae34ebdb05e34a891a,195,100.0
67e75eae34ebdb05e34a891a,103,180.0
67e75eae34ebdb05e34a891a,2429,220.0
67e75eae34ebdb05e34a891a,2006,140.0
67e75eae34ebdb05e34a891a,1354,170.0
67e75eae34ebdb05e34a891a,817,295.0
67e75eae34ebdb05e34a891a,2372,140.0
67ddf84df4607179bf8f6b22,1760,268.0
67ddf84df4607179bf8f6b22,2044,308.0
67ddf84df4607179bf8f6b22,1072,160.0
67ddf84df4607179bf8f6b22,2847,304.0
67ddf84df4607179bf8f6b22,2928,306.0
67ddf84df4607179bf8f6b22,1563,251.0
67ddf84df4607179bf8f6b22,2444,257.0
67ddf84df4607179bf8f6b22,1209,332.0
67ddf84df4607179bf8f6b22,293,193.0
67ddf84df4607179bf8f6b22,2027,245.0
67ddf84df4607179bf8f6b22,601,446.0
67ddf84df4607179bf8f6b22,1242,419.0
67e57c6cfc6a7faf64a23407,2080,180.0
67e57c6cfc6a7faf64a23407,48,293.0
67e57c6cfc6a7faf64a23407,792,134.0
67e57c6cfc6a7faf64a23407,1335,105.0
67e57c6cfc6a7faf64a23407,1218,104.0
67e57c6cfc6a7faf64a23407,2054,104.0
67e57c6cfc6a7faf64a23407,2036,113.0
67e57c6cfc6a7faf64a23407,1646,202.0
67e57c6cfc6a7faf64a23407,1590,223.0
67e57c6cfc6a7faf64a23407,2555,90.0
67e57c6cfc6a7faf64a23407,394,126.0
67e57c6cfc6a7faf64a23407,676,95.0
67ddf21161e98872239f705a,1190,318.0
67ddf21161e98872239f705a,2071,249.0
67ddf21161e98872239f705a,1993,197.0
67ddf21161e98872239f705a,193,294.0
67ddf21161e98872239f705a,112,160.0
67ddf21161e98872239f705a,1947,361.0
67ddf21161e98872239f705a,1571,160.0
67ddf21161e98872239f705a,694,306.0
67ddf21161e98872239f705a,1849,305.0
67ddf21161e98872239f705a,2242,428.0
67ddf21161e98872239f705a,1894,381.0
67ddf21161e98872239f705a,2641,342.0
67ee912447a2b3280717caee,1590,236.0
67ee912447a2b3280717caee,2169,86.0
67ee912447a2b3280717caee,526,311.0
67ee912447a2b3280717caee,217,200.0
67ee912447a2b3280717caee,633,327.0
67ee912447a2b3280717caee,2006,151.0
67ee912447a2b3280717caee,2283,243.0
67ee912447a2b3280717caee,1400,410.0
67ee912447a2b3280717caee,1238,244.0
67ee912447a2b3280717caee,2159,433.0
67ee912447a2b3280717caee,2275,521.0
67ee912447a2b3280717caee,1696,650.0
67161c96296d540cd7a0d27b,1326,88.0
67161c96296d540cd7a0d27b,2610,150.0
67161c96296d540cd7a0d27b,1136,302.0
67161c96296d540cd7a0d27b,303,107.0
67161c96296d540cd7a0d27b,2021,122.0
67161c96296d540cd7a0d27b,2780,133.0
67161c96296d540cd7a0d27b,1542,201.0
67161c96296d540cd7a0d27b,178,130.0
67161c96296d540cd7a0d27b,2100,402.0
67161c96296d540cd7a0d27b,2122,250.0
67161c96296d540cd7a0d27b,1142,200.0
67161c96296d540cd7a0d27b,855,200.0
68106b46be9d682b2eb24d08,1594,225.0
68106b46be9d682b2eb24d08,1834,280.0
68106b46be9d682b2eb24d08,1489,225.0
68106b46be9d682b2eb24d08,302,192.0
68106b46be9d682b2eb24d08,1326,301.0
68106b46be9d682b2eb24d08,1629,162.0
68106b46be9d682b2eb24d08,2197,181.0
68106b46be9d682b2eb24d08,997,180.0
68106b46be9d682b2eb24d08,120,247.0
68106b46be9d682b2eb24d08,2011,288.0
68106b46be9d682b2eb24d08,2838,271.0
68106b46be9d682b2eb24d08,1939,267.0
6234a0a4e9db36c0d8336627,2582,159.0
6234a0a4e9db36c0d8336627,178,161.0
6234a0a4e9db36c0d8336627,1190,235.0
6234a0a4e9db36c0d8336627,1608,311.0
6234a0a4e9db36c0d8336627,2513,384.0
6234a0a4e9db36c0d8336627,2799,533.0
6234a0a4e9db36c0d8336627,95,459.0
6234a0a4e9db36c0d8336627,593,532.0
6234a0a4e9db36c0d8336627,855,385.0
6234a0a4e9db36c0d8336627,1222,385.0
6234a0a4e9db36c0d8336627,440,533.0
6234a0a4e9db36c0d8336627,1498,607.0
67ad0fc2981df85a8b4f41e2,206,410.0
67ad0fc2981df85a8b4f41e2,1542,409.0
67ad0fc2981df85a8b4f41e2,1488,360.0
67ad0fc2981df85a8b4f41e2,1653,538.0
67ad0fc2981df85a8b4f41e2,1504,440.0
67ad0fc2981df85a8b4f41e2,1632,466.0
67ad0fc2981df85a8b4f41e2,2018,453.0
67ad0fc2981df85a8b4f41e2,108,415.0
67ad0fc2981df85a8b4f41e2,1514,448.0
67ad0fc2981df85a8b4f41e2,2132,532.0
67ad0fc2981df85a8b4f41e2,2808,493.0
67ad0fc2981df85a8b4f41e2,2669,415.0
67e28b8e55a03e52547a2a9a,2300,256.0
67e28b8e55a03e52547a2a9a,550,176.0
67e28b8e55a03e52547a2a9a,548,167.0
67e28b8e55a03e52547a2a9a,1857,184.0
67e28b8e55a03e52547a2a9a,1565,371.0
67e28b8e55a03e52547a2a9a,601,172.0
67e28b8e55a03e52547a2a9a,209,200.0
67e28b8e55a03e52547a2a9a,1271,167.0
67e28b8e55a03e52547a2a9a,1420,289.0
67e28b8e55a03e52547a2a9a,1743,242.0
67e28b8e55a03e52547a2a9a,2108,181.0
67e28b8e55a03e52547a2a9a,138,226.0
67d094888b439045b9b7aa8c,496,250.0
67d094888b439045b9b7aa8c,1947,115.0
67d094888b439045b9b7aa8c,2808,100.0
67d094888b439045b9b7aa8c,2556,220.0
67d094888b439045b9b7aa8c,2533,135.0
67d094888b439045b9b7aa8c,1190,180.0
67d094888b439045b9b7aa8c,1209,165.0
67d094888b439045b9b7aa8c,1133,172.0
67d094888b439045b9b7aa8c,536,228.0
67d094888b439045b9b7aa8c,2555,125.0
67d094888b439045b9b7aa8c,2639,190.0
67d094888b439045b9b7aa8c,2159,245.0
67ede515b090269e0fa4d482,1916,236.0
67ede515b090269e0fa4d482,1989,87.0
67ede515b090269e0fa4d482,269,87.0
67ede515b090269e0fa4d482,1040,161.0
67ede515b090269e0fa4d482,2244,161.0
67ede515b090269e0fa4d482,614,161.0
67ede515b090269e0fa4d482,1420,310.0
67ede515b090269e0fa4d482,1217,236.0
67ede515b090269e0fa4d482,933,161.0
67ede515b090269e0fa4d482,2780,236.0
67ede515b090269e0fa4d482,1232,236.0
67ede515b090269e0fa4d482,2229,310.0
67ccafbbb8c87ce9640349b1,73,235.0
67ccafbbb8c87ce9640349b1,2582,170.0
67ccafbbb8c87ce9640349b1,2710,185.0
67ccafbbb8c87ce9640349b1,305,155.0
67ccafbbb8c87ce9640349b1,2440,210.0
67ccafbbb8c87ce9640349b1,1737,175.0
67ccafbbb8c87ce9640349b1,2205,150.0
67ccafbbb8c87ce9640349b1,2890,165.0
67ccafbbb8c87ce9640349b1,2728,255.0
67ccafbbb8c87ce9640349b1,1186,220.0
67ccafbbb8c87ce9640349b1,2869,215.0
67ccafbbb8c87ce9640349b1,2074,240.0
